Country Name,Year
India,2005
India,2006
India,2007
India,2008
India,2009
India,2010
India,2011
India,2012
India,2013
India,2014
Iran,2005
Iran,2006
Iran,2007
Iran,2008
Iran,2009
Iran,2010
Iran,2011
Iran,2012
Iran,2013
Iran,2014
Bangladesh,2005
Bangladesh,2006
Bangladesh,2007
Bangladesh,2008
Bangladesh,2009
Bangladesh,2010
Bangladesh,2011
Bangladesh,2012
Bangladesh,2013
Bangladesh,2014
Pakistan,2005
Pakistan,2006
Pakistan,2007
Pakistan,2008
Pakistan,2009
Pakistan,2010
Pakistan,2011
Pakistan,2012
Pakistan,2013
Pakistan,2014
Ukraine,2005
Ukraine,2006
Ukraine,2007
Ukraine,2008
Ukraine,2009
Ukraine,2010
Ukraine,2011
Ukraine,2012
Ukraine,2013
Ukraine,2014
United Kingdom,2005
United Kingdom,2006
United Kingdom,2007
United Kingdom,2008
United Kingdom,2009
United Kingdom,2010
United Kingdom,2011
United Kingdom,2012
United Kingdom,2013
United Kingdom,2014
Singapore,2005
Singapore,2006
Singapore,2007
Singapore,2008
Singapore,2009
Singapore,2010
Singapore,2011
Singapore,2012
Singapore,2013
Singapore,2014
Japan,2005
Japan,2006
Japan,2007
Japan,2008
Japan,2009
Japan,2010
Japan,2011
Japan,2012
Japan,2013
Japan,2014
Germany,2005
Germany,2006
Germany,2007
Germany,2008
Germany,2009
Germany,2010
Germany,2011
Germany,2012
Germany,2013
Germany,2014
Australia,2005
Australia,2006
Australia,2007
Australia,2008
Australia,2009
Australia,2010
Australia,2011
Australia,2012
Australia,2013
Australia,2014
